id,name,email
1,John Doe,john@example.com
2,Jane Smith,jane@example.com
3,Amit Patel,amit.patel@example.com
4,Sara Khan,sara.khan@example.com
5,David Miller,david.m@example.com
6,Emily Davis,emily.d@example.com
7,Raj Verma,raj.verma@example.com
8,Anna Johnson,anna.j@example.com
9,Chris Evans,chris.evans@example.com
10,Priya Sharma,priya.sharma@example.com
11,Robert Brown,robert.brown@example.com
12,Olivia Wilson,olivia.w@example.com
13,Nikhil Reddy,nikhil.r@example.com
14,Laura Thomas,laura.t@example.com
15,Kevin Lewis,kevin.lewis@example.com
16,Neha Kapoor,neha.kapoor@example.com
17,Daniel Clark,daniel.c@example.com
18,Ayesha Ali,ayesha.ali@example.com
19,Mark Robinson,mark.r@example.com
20,Meera Das,meera.das@example.com
21,Jason Taylor,jason.t@example.com
22,Sunita Mehta,sunita.m@example.com
23,Brian White,brian.w@example.com
24,Kavya Iyer,kavya.iyer@example.com
25,Shawn Mendes,shawn.m@example.com
26,Tanya Roy,tanya.roy@example.com
27,Ethan Wright,ethan.w@example.com
28,Anjali Nair,anjali.n@example.com
29,George Hall,george.h@example.com
30,Sneha Rao,sneha.rao@example.com
31,Alex Turner,alex.t@example.com
32,Divya Menon,divya.menon@example.com
33,Liam Scott,liam.s@example.com
34,Ishita Banerjee,ishita.b@example.com
35,Eric Adams,eric.a@example.com
36,Naina Arora,naina.a@example.com
37,Carl Brooks,carl.b@example.com
38,Shreya Joshi,shreya.j@example.com
39,Aiden Hughes,aiden.h@example.com
40,Trisha Sen,trisha.sen@example.com
41,Zack Morris,zack.m@example.com
42,Karishma Jain,karishma.j@example.com
43,Tyler Green,tyler.g@example.com
44,Pooja Rathi,pooja.r@example.com
45,Henry Ford,henry.f@example.com
46,Sanya Mathur,sanya.m@example.com
47,Noah Bennett,noah.b@example.com
48,Ritika Gupta,ritika.g@example.com
49,Nathan Wood,nathan.w@example.com
50,Ankita Bansal,ankita.b@example.com